,,,,,,,,,,
,,,,,,,,,,
,,,,,,,,,,
,,,,,,,,,,
,,,,,,,,,,
,,,,,,,,,,
,,,,,,,,,,
,,,,,,,,,,
,,,,,,,,,,
timestamp,Temperature,Temperature,Temperature,Relative Humidity,Relative Humidity,Relative Humidity,Wind Speed,Wind Speed,Wind Speed,Wind Direction Dominant
20190101T0000,3.7505286,7.1005287,4.7855287,72.0,92.0,85.166664,4.6938257,22.7057,14.096825,270.37006
20190102T0000,-0.27947134,4.5505285,2.021362,60.0,92.0,79.041664,2.0991426,23.933907,13.428155,319.0513
20190103T0000,-1.6494713,2.7205286,0.07344538,53.0,93.0,76.041664,1.1384199,8.209263,4.7738576,354583
20190104T0000,-1.4994713,4.7405286,1.2596952,61.0,95.0,79.166664,1.2979984,22.553936,9.208037,276.42007
20190105T0000,0.26052865,3.1005285,1.9388618,75.0,94.0,85.416664,14.113653,40.018333,28.47399,270.15128
20190106T0000,1.2905287,5.4605284,3.0126123,66.0,90.0,81.791664,5.8048253,27.698952,17.12898,279.27057
20190107T0000,1.1905286,4.5505285,2.8521955,72.0,92.0,80.708336,4.452954,16.595179,8.361529,277.51337
20190108T0000,2.3805285,5.8005285,4.3792787,77.0,86.0,82.208336,17.727943,43.56595,35.171104,270.09955
20190109T0000,0.39052868,3.7505286,2.416362,60.0,93.0,77.083336,24.640942,37.37244,30.7451,326.06024
20190110T0000,-1.3294713,2.7005286,0.34261194,70.0,92.0,82.458336,1.835647,30.293522,22.575766,359.46277
20190111T0000,-1.4994713,3.7005286,0.66427857,53.0,89.0,76.083336,0.8049845,28.829233,10.204256,256.6075
20190112T0000,1.8705287,5.7005286,3.7984455,69.0,87.0,79.333336,23.97989,47.377968,32.092712,260.40463
20190113T0000,4.8105288,7.6805286,6.5226116,79.0,89.0,83.083336,27.682571,47.297203,37.537273,260.54144
20190114T0000,3.8905284,7.1505284,5.340112,72.0,89.0,81125,9.885262,33.72491,25.075373,290.82364
20190115T0000,0.17052865,6.5305285,3.1596956,66.0,94.0,80.291664,4.2136917,23.803596,10.726402,255.9408
20190116T0000,0.13052866,10.560529,4.505529,51.0,89.0,69.291664,4.198285,20.188908,7.5947576,155.68872
20190117T0000,2.6205285,8.280529,5.840112,62.0,84.0,72.416664,15.273505,29.539747,23.194036,257.11868
20190118T0000,-2.0194714,3.9105287,0.97594523,49.0,93.0,74.208336,1.609969,21.518847,13.24463,5.8773804
20190119T0000,-1.4894713,2.8005285,0.5638619,54.0,78.0,67.833336,1.609969,15.778516,9.279836,112.26942
20190120T0000,-0.56947136,6.4505286,3.0630286,63.0,83.0,74.166664,1.8,12.7279215,7.309702,52.535057
20190121T0000,-1.4394714,2.2505286,0.014278665,67.0,91.0,78.25,2.1897945,12.7279215,9.000829,314.85748
20190122T0000,-2.3394713,3.3405285,-0.35322145,58.0,93.0,75125,1.1384199,10.365251,4.639767,137.32545
20190123T0000,-0.70947134,4.7505283,1.2334453,50.0,89.0,74.25,1.8,22.505037,11.31535,53.459824
20190124T0000,-3.7494714,0.5705287,-1.5636381,61.0,92.0,79.208336,2.3051248,21.370783,12.009084,326.01874
20190125T0000,-2.7994714,0.9405287,-0.8086381,58.0,86.0,71.25,0.71999997,8.049845,4.5989976,240.46957
20190126T0000,1.1505287,8.490529,4.677195,68.0,91.0,79.833336,2.8116899,37.581657,20.714605,252.07947
20190127T0000,2.6705287,9.780529,6.0359454,56.0,86.0,71.833336,24.458813,49.493126,34.51942,243.93935
20190128T0000,1.2705287,3.5805285,2.2459452,72.0,89.0,83.0,23.068108,52.70897,40.5771,272.15378
20190129T0000,-0.7294713,5.1705284,1.8159453,48.0,89.0,74.791664,9.007196,32.569557,20.737982,202.48347
20190130T0000,-0.30947134,2.7805285,1.4013621,52.0,83.0,67.791664,15.893093,71.38265,45.864105,230.66266
20190131T0000,-2.2594714,6.8605285,2.0646951,54.0,89.0,73.0,1.08,34.509335,19.965315,164.54651
20190201T0000,4.5105286,8.690529,6.3167787,57.0,90.0,77.583336,4.1046314,21.068459,10.951362,157.01128
20190202T0000,3.5205286,9.010529,5.573445,66.0,85.0,77125,3.6,18.720001,9.78085,318.1623
20190203T0000,-0.9194713,3.7605286,1.6138619,69.0,94.0,84.083336,2.16,29.539747,20.323565,347.54617
20190204T0000,-2.7594714,5.5205283,0.7917786,49.0,93.0,73625,1.08,26.459387,13.255421,133.75137
20190205T0000,0.47052866,6.5505285,2.5109456,47.0,78.0,63.708332,4.5536795,12.768586,8.172194,128.5222
20190206T0000,-1.0194713,7.2105284,2.7092788,41.0,78.0,56.833332,1.9386592,10.514218,5.867441,140.53464
20190207T0000,1.1505287,10.730529,5.118028,41.0,91.0,74.333336,6.0347,24.014996,12.091042,225.4453
20190208T0000,1.3105286,8.880529,4.863029,61.0,88.0,73.75,6.849467,19.829433,12.559741,194.21303
20190209T0000,5.3305287,11.540529,8.6755295,53.0,79.0,67.958336,11.983188,35.72898,23.189674,237.6352
20190210T0000,3.9505286,12.520529,8.293029,53.0,82.0,68.583336,24.192429,55.493736,37.845898,236.42868
20190211T0000,1.2705287,6.0705285,3.6946957,65.0,87.0,78.208336,11.609651,38.519997,23.569212,274.33676
20190212T0000,0.79052866,7.6005287,3.6484454,50.0,96.0,74.833336,0.35999998,14.145756,6.826773,285.25513
20190213T0000,-0.34947133,10.770529,4.2921953,45.0,87.0,67.166664,6.28713,12.661564,8.712008,101.430305
20190214T0000,0.87052864,13.140529,5.809279,48.0,86.0,63.958332,1.835647,13.441071,8.095335,105.21716
20190215T0000,-0.43947133,13.940529,5.8105283,46.0,82.0,66.291664,6.489992,16.394829,10.673945,106.41723
20190216T0000,3.4905286,15.040529,8.47553,39.0,73.0,55.208332,2.5455842,9.107359,7.147246,109.365234
20190217T0000,5.0605288,16.010529,9.399695,32.0,60.0,45.541668,4.072935,11.885453,7.166834,109.29588
20190218T0000,3.8105285,13.110529,8.693029,36.0,70.0,54.5,0.0,10.086427,4.357408,145.6749
20190219T0000,4.0305285,13.710529,8.556363,55.0,74.0,63.791668,1.9386592,19.914217,8.0236225,225.65854
20190220T0000,4.6805286,14.090529,9.421779,57.0,94.0,73.75,1.8,6.6087217,4.3360205,109.625694
20190221T0000,5.0905285,16.12053,10.130112,45.0,87.0,67.75,2.0991426,10.390226,6.406818,199.69865
20190222T0000,6.7505283,12.930529,9.351362,67.0,83.0,74.166664,1.08,19.602652,9.24797,57.96708
20190223T0000,2.0805285,13.470529,6.8763623,21.0,86.0,48.041668,8.350138,24.216522,17.010803,99.352974
20190224T0000,0.33052868,11.710529,5.3467784,32.0,59.0,41.75,1.484318,16.179987,7.464993,107.94644
20190225T0000,2.3305285,13.170529,7.2676125,43.0,73.0,54.5,1.5273507,8.373386,4.641996,277.59464
20190226T0000,2.8305285,15.180529,9.363446,55.0,81.0,68.791664,1.1384199,11.183201,6.8731446,102.17918
20190227T0000,4.290529,16.23053,10.473446,41.0,74.0,59.708332,1.5273507,10.315115,5.978043,116.31809
20190228T0000,5.8605285,16.840528,11.260944,41.0,79.0,57375,3.9763298,33.510952,18.078766,258.2271
20190301T0000,6.0705285,10.210529,8.309696,71.0,92.0,79375,6.489992,36.44722,23.211555,267.74246
20190302T0000,3.8405285,13.210529,8.492195,51.0,86.0,72.791664,7.928177,27.359999,14.963134,255.77647
20190303T0000,4.6105285,16.04053,10.466362,40.0,84.0,58.958332,4.6938252,22.493519,12.507268,226.7899
20190304T0000,5.1205287,12.930529,9.545112,39.0,74.0,56.5,12.72283,50.887497,32.88222,243.01799
20190305T0000,3.6905286,12.320529,7.8130283,44.0,78.0,61.458332,9.504273,31.999523,23.898758,247.84393
20190306T0000,0.36052868,17.96053,10.006362,21.0,84.0,48.25,10.464797,20.371038,14.784084,142.79773
20190307T0000,5.6405287,11.470529,8.675946,50.0,81.0,62.75,13.18308,43.672913,24.613203,233.02043
20190308T0000,6.5505285,11.710529,8.502196,43.0,77.0,61.208332,9.178235,26.28,19.932135,252.23474
20190309T0000,6.3205285,13.510529,9.942196,47.0,79.0,67.583336,12.24,36.445442,22.172628,249.6633
20190310T0000,6.6905284,14.8005295,11.340529,59.0,83.0,68.333336,7.653705,45.664692,31.34593,257.44986
20190311T0000,1.3205286,6.0705285,4.104696,58.0,83.0,68875,13.004921,40.480392,27.396378,275.35483
20190312T0000,-0.24947134,12.940529,7.1017795,21.0,84.0,50.958332,6.193674,41.52659,18.159998,219.47968
20190313T0000,3.3305285,8.220529,5.7663627,55.0,83.0,71.041664,22.682856,35.364388,29.897285,258.94226
20190314T0000,3.6505284,8.720529,5.8855286,69.0,88.0,78.791664,26.980793,48.359406,35.615612,253.80167
20190315T0000,7.9105287,12.410529,10.434696,73.0,86.0,80375,26.042212,42.99702,34.35829,261.7954
20190316T0000,7.5605288,16.20053,11.215945,47.0,82.0,63.791668,4.452954,31.616526,21.709124,256.0745
20190317T0000,3.7805285,13.770529,8.655946,36.0,81.0,58.916668,9.007196,36.08091,20.433245,259.45572
20190318T0000,0.7505287,8.060529,4.487612,56.0,95.0,73375,3.6179552,36.001797,18.519463,271.58847
20190319T0000,2.5105286,10.130529,6.4696956,48.0,82.0,63875,2.0991426,13.556282,6.704492,66.00323
20190320T0000,-0.40947133,13.150529,6.0101123,35.0,88.0,61.541668,0.5091169,17.057314,7.745375,87.9127
20190321T0000,0.6305287,14.630529,7.0130296,42.0,80.0,62.083332,0.35999998,9.255571,4.9783983,66.37063
20190322T0000,1.5005287,17.490528,10.402196,40.0,81.0,57.916668,0.35999998,9.107359,5.021563,115.360405
20190323T0000,8.060529,17.90053,12.4896965,39.0,78.0,60.5,0.0,13.779114,6.6892986,314375
20190324T0000,6.4005284,18.100529,11.84803,47.0,98.0,73.75,0.0,19.513195,8.334264,328.36935
20190325T0000,3.7905285,10.3005295,7.911363,44.0,90.0,62.541668,11.525623,26.980793,18.256138,342.36646
20190326T0000,1.4105287,10.250529,5.873862,43.0,91.0,66.708336,6.4799995,16.75064,11.413742,4.2141724
20190327T0000,1.5305287,13.320529,7.5367794,40.0,80.0,61.458332,3.096837,18.899143,9.721629,81.38711
20190328T0000,1.4105287,15.540529,8.331779,37.0,85.0,63.416668,0.8049845,22.104116,9.884717,81.41086
20190329T0000,3.8005285,16.95053,10.453862,42.0,84.0,61.958332,0.8049845,9.36,4.764656,102.12708
20190330T0000,7.2505283,18.89053,13.490945,33.0,57.0,44.75,1.1384199,9.255571,4.4647803,149.21584
20190331T0000,9.070529,19.96053,13.857196,33.0,68.0,53.083332,1.4399999,10.446206,5.553084,87.742195
20190401T0000,5.4205284,18.000528,11.698863,51.0,95.0,71.416664,1.1384199,8.217153,5.0959735,291656
20190402T0000,9.370529,19.280529,14.140946,36.0,73.0,53.916668,3.7585104,23.893261,11.010311,257.57812
20190403T0000,3.1405284,12.120529,7.4855294,55.0,90.0,74.75,2.3051248,30.29566,14.902038,264.56662
20190404T0000,0.42052865,4.7105284,2.2117784,78.0,96.0,89.166664,0.35999998,27.36947,12.710377,258.03378
20190405T0000,0.41052866,11.870529,5.9921956,53.0,85.0,68.916664,5.0911684,24.408424,12.703698,126.308044
20190406T0000,2.3905284,16.32053,10.247613,44.0,75.0,57875,3.8268526,14.182355,7.8863673,356.90594
20190407T0000,7.4105287,11.130529,9.764695,61.0,83.0,72.75,10.630672,22.346113,17.578165,265.93555
20190408T0000,7.6405287,14.980529,11.050111,52.0,85.0,70.0,3.671294,12.819235,8.7634735,267.68295
20190409T0000,7.3605285,14.850529,10.795945,53.0,89.0,72.333336,1.835647,15.778518,7.885729,312.33405
20190410T0000,6.0305285,11.590529,9.114278,81.0,97.0,88.5,3.2599385,16.965895,9.685132,327.77548
20190411T0000,3.7105286,14.170529,9.13178,47.0,95.0,68.75,10.390226,26.67889,16.140154,357.02032
20190412T0000,0.72052866,12.760529,7.357612,51.0,85.0,63.083332,7.2359104,22.751316,13.986595,346.89893
20190413T0000,0.86052865,7.9405284,4.867195,55.0,84.0,67.083336,6.12,24.57511,15.588612,343.2791
20190414T0000,0.030528657,10.540529,5.1367784,50.0,95.0,73.333336,2.3051248,32.110706,14.03634,21.499237
20190415T0000,1.5105287,17.760529,10.238029,42.0,95.0,64.666664,1.609969,26.28,11.347192,99.2726
20190416T0000,6.6705284,15.330529,11.112195,48.0,84.0,63.25,1.08,12.287555,6.1622977,117.12131
20190417T0000,9.810529,18.95053,13.897197,46.0,91.0,68.791664,1.08,14.044615,6.345276,90.904594
20190418T0000,7.1105285,21.89053,14.800114,36.0,73.0,54.166668,5.8603754,15.379206,9.096311,93.8622
20190419T0000,7.8305287,22.88053,16.119696,33.0,80.0,53.583332,3.219938,14.007655,7.775402,95.15331
20190420T0000,10.190529,23.62053,16.986778,31.0,69.0,53.0,5.315336,15.496736,9.487993,97.22431
20190421T0000,9.240529,23.780529,16.405945,27.0,76.0,52125,6.0347,13.979871,9.7169,104.01381
20190422T0000,8.560529,22.90053,15.962613,26.0,62.0,45.416668,11.91812,26.552288,16.844484,107.0103
20190423T0000,7.5605288,22.38053,16.14261,38.0,70.0,53.166668,0.8049845,13.0447235,7.801127,101.30993
20190424T0000,8.810529,24.260529,15.66636,29.0,66.0,55.458332,4.1046314,37.57993,14.411157,168.89755
20190425T0000,6.0805287,23.72053,14.893445,24.0,91.0,57.708332,5.3999996,25.050413,15.196174,163.84607
20190426T0000,6.5005283,14.180529,9.878446,51.0,90.0,73125,5.0528407,16.516901,12.135173,236.30994
20190427T0000,6.540529,13.430529,9.320112,55.0,83.0,71.666664,8.557102,31.731092,19.923021,258.61826
20190428T0000,3.4805286,10.730529,7.319279,56.0,87.0,73.666664,2.9024127,23.576563,14.60761,271.7652
20190429T0000,6.290529,14.380529,10.293028,47.0,82.0,63.416668,1.08,16.56,7.740853,1.7899017
20190430T0000,9.270529,15.670529,12.168862,52.0,81.0,67.416664,3.9763298,19.70815,9.536743,341.20013
20190501T0000,5.4805284,19.330528,13.666364,44.0,95.0,64.708336,3.0547013,7.754637,5.871384,57.22512
20190502T0000,9.200529,18.690529,12.810947,43.0,87.0,69.958336,1.609969,25.6233,11.976746,261.02737
20190503T0000,8.290529,14.510529,11.000529,57.0,94.0,73.541664,3.0758414,16.79314,11.926369,322.67365
20190504T0000,2.1005285,12.200529,6.44178,60.0,88.0,79.333336,4.0249224,41.054203,18.714056,311.38318
20190505T0000,-0.6194713,10.720529,5.2159452,38.0,94.0,65.083336,5.771239,34.2303,20.207851,354.2761
20190506T0000,2.0905285,12.600529,7.8796945,43.0,82.0,58.958332,2.6208394,16.394829,7.6602407,335.30988
20190507T0000,3.9005284,16.910528,11.379696,35.0,74.0,51625,2.9024127,9.47012,5.9859595,95.302666
20190508T0000,8.840529,13.020529,11.480113,47.0,88.0,71.916664,7.5942073,27.859905,14.503112,193.13402
20190509T0000,7.8305287,14.190529,11.72261,53.0,81.0,66.5,11.525623,37.731365,25.68902,242.15302
20190510T0000,7.1605287,17.21053,12.849694,54.0,84.0,68.708336,2.8799999,12.783802,9.081138,218.60226
20190511T0000,8.610529,15.260529,12.828445,55.0,88.0,69.333336,7.7879906,43.34974,22.902262,262.4249
20190512T0000,5.9605284,14.200529,10.019695,44.0,95.0,65.541664,3.396233,28.44,16.214577,358.9088
20190513T0000,1.2005286,17.080528,10.201777,31.0,93.0,54.416668,3.8268526,29.301876,16.096287,55.57657
20190514T0000,2.5505285,15.600529,9.8542795,32.0,76.0,50.666668,0.8049845,22.104116,13.204476,61.96982
20190515T0000,2.3405285,16.020529,9.502195,37.0,79.0,56875,2.6208394,21.273533,10.613547,52.82804
20190516T0000,3.6205285,16.080528,10.897195,52.0,87.0,68.25,0.35999998,18.72346,7.363199,354.13043
20190517T0000,7.6405287,18.990528,13.71928,42.0,82.0,66125,3.096837,24.315327,11.767517,282.15494
20190518T0000,8.610529,18.360529,14.734279,53.0,84.0,66.708336,0.35999998,10.144082,5.3082194,54.940567
20190519T0000,11.470529,16.160528,14.045529,70.0,91.0,80.583336,0.8049845,14.372974,8.401433,304.19177
20190520T0000,11.570529,16.100529,13.641361,75.0,91.0,85.041664,9.028754,27.820337,19.151518,275.14142
20190521T0000,11.060529,17.31053,14.263863,63.0,88.0,74.791664,6.87779,30.676142,20.678076,277769
20190522T0000,9.970529,20.010529,15.00761,40.0,79.0,60875,2.2768397,16.23596,8.747857,337.5796
20190523T0000,9.910529,21.670528,16.4322,43.0,80.0,61625,0.35999998,13.698934,5.7951484,38.784363
20190524T0000,11.510529,23.45053,18.186365,37.0,79.0,58125,1.4399999,12.57426,8.86965,43.025055
20190525T0000,13.350529,19.06053,16.44136,59.0,83.0,69.291664,2.1897945,18.0,7.314157,320.33475
20190526T0000,11.130529,22.14053,16.981363,44.0,92.0,66.25,0.71999997,8.587338,4.6571903,327.1443
20190527T0000,12.390529,20.600529,17.008028,51.0,77.0,63.5,1.5273507,18.193361,10.949674,282.98044
20190528T0000,9.280529,15.460529,12.903028,59.0,85.0,74875,6.924738,22.734219,15.428703,280.85104
20190529T0000,9.200529,16.39053,12.6251135,53.0,85.0,68.666664,3.096837,17.782688,11.118823,305.34286
20190530T0000,9.080529,21.37053,16.056362,34.0,79.0,57.708332,1.2979984,8.557102,4.300779,331.38953
20190531T0000,12.680529,23.95053,18.910114,46.0,80.0,59.541668,2.2768397,9.19939,5.4563527,66.9974
20190601T0000,14.180529,26.750528,21.345114,43.0,77.0,58.916668,2.0991426,9.028754,6.3077626,92.79724
20190602T0000,14.710529,28.940529,23.095114,36.0,80.0,56.333332,0.35999998,9.565437,4.9123216,125.26301
20190603T0000,17.73053,28.71053,22.413446,38.0,83.0,63.958332,0.8049845,27.466372,10.345101,184.76364
20190604T0000,16.05053,31.340528,23.94678,32.0,82.0,57.25,4.829907,20.497883,14.534364,125.46804
20190605T0000,16.940529,29.860529,23.742197,37.0,74.0,52.041668,4.198285,22.768398,11.195376,108.519585
20190606T0000,10.340529,18.87053,15.063446,49.0,77.0,62125,2.6208394,33.887836,11.908875,270.0
20190607T0000,11.780529,27.260529,17.891363,37.0,87.0,61.083332,2.8799999,38.1617,18309,156.95714
20190608T0000,10.520529,20.940529,16.289694,35.0,65.0,48125,2.5455842,20.5484,13.154719,276.4588
20190609T0000,11.480529,19.240528,15.667613,53.0,95.0,74125,2.52,21.67487,8.457519,105.345276
20190610T0000,13.990529,20.350529,15.947196,66.0,96.0,89.0,2.8116899,16.279802,9.000711,298.15335
20190611T0000,12.600529,16.680529,14.088863,71.0,94.0,86.0,3.6,20.808498,13.024754,305.46988
20190612T0000,10.470529,20.54053,15.95803,51.0,90.0,66.958336,0.71999997,22.148045,7.500852,278.8543
20190613T0000,13.770529,23.87053,18.975946,35.0,74.0,53.916668,0.71999997,14.618837,6.8726144,132.57072
20190614T0000,14.110529,28.660528,21.613443,33.0,80.0,56.916668,4.829907,26.999998,13.226872,86.884155
20190615T0000,15.540529,23.73053,19.144693,51.0,93.0,73.958336,2.7416782,31.104082,11.403354,276.1155
20190616T0000,13.330529,22.21053,18.103443,50.0,93.0,70.541664,1.2979984,9.007196,5.8515244,346.10883
20190617T0000,12.000529,27.010529,20.730947,42.0,86.0,63.291668,1.609969,11.159999,6.467531,88.90729
20190618T0000,17.160528,28.410528,23.410112,39.0,82.0,60.5,0.0,10.805998,5.077233,142.5684
20190619T0000,18.57053,30.14053,24.525948,33.0,73.0,50125,3.2599385,16.039202,9.198992,221.87787
20190620T0000,17.37053,22.100529,19.82136,60.0,85.0,74375,1.484318,8.891344,5.3692646,254.49004
20190621T0000,15.020529,22.920528,19.008028,57.0,86.0,72625,1.835647,10.1376915,6.28265,14.317932
20190622T0000,15.480529,20.090528,17.830946,74.0,94.0,85.5,0.5091169,10.587918,5.4294834,330.38715
20190623T0000,15.440529,26.930529,21.23178,49.0,96.0,71.458336,0.71999997,15.745627,9.4227085,98.98867
20190624T0000,16.71053,31.340528,24.563444,39.0,84.0,62.25,8.4963045,16.520823,12.611321,108.763596
20190625T0000,19.57053,34.85053,27.700111,39.0,81.0,59.75,1.2979984,12.496718,6.929245,109.9538
20190626T0000,23.910528,36.12053,30.518862,38.0,74.0,57.416668,0.35999998,7.072878,4.256762,77.50399
20190627T0000,22.04053,33.02053,27.358862,55.0,88.0,67.416664,0.0,23.084955,13.316705,338.7385
20190628T0000,17.06053,30.520529,24.288446,49.0,74.0,57.416668,1.1384199,16.595179,8.620767,345.02167
20190629T0000,17.030529,33.08053,25.725946,28.0,80.0,56.583332,0.71999997,14.241629,8.801315,101.82149
20190630T0000,21.170528,34.200527,28.64553,36.0,81.0,56.916668,1.9386592,20.907913,10.393717,253.47911
20190701T0000,22.65053,32.380527,27.462608,46.0,78.0,61875,0.71999997,20.730501,10.349126,304.8201
20190702T0000,17.110529,26.750528,21.943863,52.0,83.0,65.75,5.2416787,18.289274,10.168861,342.68713
20190703T0000,15.420529,26.81053,21.225529,45.0,78.0,62.041668,0.35999998,10.829959,5.702128,358.9391
20190704T0000,13.010529,27.45053,20.768446,46.0,84.0,63.666668,4.73506,12.661564,7.996304,329.79675
20190705T0000,17.79053,30.410528,23.938028,27.0,69.0,49.5,2.16,10.703569,6.7095623,282.42328
20190706T0000,18.72053,32.28053,25.295944,32.0,80.0,53.75,0.8049845,26.230639,8.604392,241.83748
20190707T0000,18.15053,25.90053,22.393028,48.0,92.0,68.541664,2.8799999,20.880001,10.42421,263.22784
20190708T0000,14.510529,20.860529,17.91428,57.0,82.0,66.958336,0.8049845,23.241617,12.29444,332.9538
20190709T0000,10.960529,22.740528,17.44678,48.0,78.0,60.041668,0.35999998,19.201874,8.940168,10.180878
20190710T0000,10.250529,23.590528,17.769697,39.0,83.0,57.958332,1.0182338,13.397612,5.76358,349.9721
20190711T0000,15.170529,22.430529,19.22803,51.0,73.0,60.916668,3.319036,15.137133,5.8035703,112.604034
20190712T0000,15.980529,25.190529,20.191782,45.0,82.0,66.791664,5.154415,21.96295,11.285221,275.1051
20190713T0000,16.010529,22.660528,18.844278,46.0,84.0,66.416664,1.835647,11.542478,7.632927,334.69025
20190714T0000,14.450529,20.940529,17.691362,58.0,84.0,70.541664,1.1384199,18.94024,9.800362,11.92392
20190715T0000,11.600529,23.680529,18.587612,48.0,92.0,67.0,2.6208394,15.629972,8.769081,0.38026428
20190716T0000,12.870529,25.71053,20.169695,39.0,87.0,62.958332,2.0991426,10.931203,6.4692683,329.1458
20190717T0000,16.430529,27.330528,22.212194,34.0,74.0,54.083332,0.35999998,10.464797,6.069217,270.49606
20190718T0000,17.600529,27.690529,23.268446,34.0,65.0,50.0,1.9386592,14.830076,8.416573,244.1211
20190719T0000,18.590528,26.850529,23.280943,41.0,74.0,56.666668,1.5273507,14.869351,6.4749503,262295
20190720T0000,18.22053,32.19053,25.550112,31.0,82.0,56.333332,4.2136917,18.486622,10.388068,217.16928
20190721T0000,20.32053,27.770529,24.30095,44.0,83.0,62.5,1.9386592,13.797912,8.8757925,255.85767
20190722T0000,17.270529,29.90053,24.234701,39.0,85.0,60.208332,1.609969,13.5515,8.9789915,57.83744
20190723T0000,19.14053,33.200527,26.693445,33.0,79.0,54.958332,1.484318,13.009903,8.78902,103.532104
20190724T0000,20.660528,35.380527,28.797195,32.0,80.0,55.208332,0.0,10.799999,4.6359878,118.19292
20190725T0000,20.71053,35.50053,29.320114,35.0,81.0,55.791668,5.3517847,12.605142,9.530581,103.197716
20190726T0000,25.40053,32.21053,29.125534,31.0,67.0,52.416668,0.8049845,14.332341,6.7077804,161.87254
20190727T0000,19.160528,24.06053,21.811783,62.0,88.0,76.833336,1.1384199,19.9954,9.001648,280.9338
20190728T0000,16.000528,20.97053,18.55303,70.0,91.0,80.416664,4.6800003,29.070974,17.31945,263.99658
20190729T0000,15.590529,25.600529,21.154694,52.0,86.0,64.541664,1.0182338,10.1376915,6.0311494,22.232727
20190730T0000,17.70053,27.440529,22.735529,46.0,80.0,61.916668,2.3051248,24.187069,10.34302,269.53943
20190731T0000,17.15053,23.90053,20.31803,43.0,81.0,61.708332,0.0,15.876775,7.0514655,263.7071
20190801T0000,15.320529,25.520529,20.891783,42.0,75.0,55.416668,3.4152596,14.332341,7.9120755,4.0001984
20190802T0000,17.920528,26.12053,21.935946,44.0,67.0,54.583332,0.0,9.007196,2.9962177,225.61607
20190803T0000,16.240528,24.88053,21.005945,44.0,69.0,56.25,2.1897945,12.287555,7.732675,347.1523
20190804T0000,15.0505295,27.90053,22.239693,37.0,80.0,58.291668,4.896529,13.905509,9.357979,110.61279
20190805T0000,20.250528,29.89053,25.313864,38.0,71.0,54.708332,3.671294,18.374111,10.449192,245.06708
20190806T0000,19.670528,29.420528,24.547194,47.0,88.0,64.541664,5.0142193,17.294992,9.868718,203.88397
20190807T0000,17.020529,21.70053,19.731363,72.0,95.0,85.958336,1.835647,17.429354,9.638966,213.7992
20190808T0000,15.130529,27.160528,21.505112,47.0,88.0,66375,0.35999998,10.587917,6.6556726,120.48776
20190809T0000,17.54053,33.92053,26.263445,37.0,87.0,58.708332,6.725354,16.981165,12.693416,182.34528
20190810T0000,18.830528,26.04053,22.352613,42.0,86.0,62.708332,5.00128,18.72346,11.465314,257.86224
20190811T0000,15.660529,27.90053,21.028448,47.0,90.0,64.25,3.6,25.364037,9.063302,313.3153
20190812T0000,14.340529,20.63053,16.778448,61.0,93.0,78.916664,1.609969,13.004921,6.765021,255.79324
20190813T0000,13.670529,21.07053,17.84553,47.0,80.0,61375,0.71999997,11.212135,7.2878366,287.27762
20190814T0000,12.840529,23.020529,18.318863,37.0,69.0,53.25,1.1384199,8.14587,4.1946726,146.9356
20190815T0000,14.100529,23.38053,19.302195,47.0,71.0,56.416668,3.563818,25.570139,14.621196,253.80267
20190816T0000,14.870529,24.46053,19.911364,41.0,78.0,58.416668,0.8049845,9.504272,5.3074775,132.05853
20190817T0000,16.48053,26.030529,21.570946,42.0,78.0,58.791668,3.6,15.986595,8.801627,139.52095
20190818T0000,18.21053,31.05053,24.52511,37.0,79.0,59.0,2.9024127,25.264202,10.963276,250.90015
20190819T0000,19.47053,23.31053,21.592196,61.0,88.0,75.0,0.71999997,14.685176,6.3382773,228.87592
20190820T0000,13.580529,19.340528,16.03428,70.0,92.0,84.0,1.5273507,16.299694,8.283402,280.21686
20190821T0000,10.970529,23.850529,17.572613,44.0,93.0,68.791664,0.35999998,19.353138,9.638468,77.43768
20190822T0000,12.070529,25.20053,19.211363,57.0,91.0,72375,1.835647,9.565437,4.21367,342.19073
20190823T0000,15.150529,27.520529,21.73303,48.0,87.0,67.916664,0.35999998,9.47012,4.728637,71.56504
20190824T0000,16.38053,26.940529,22.580114,50.0,89.0,67.708336,1.9386592,8.647496,4.856386,91.7899
20190825T0000,17.30053,28.920528,23.575111,37.0,81.0,58.583332,1.1384199,5.3999996,3.578502,117.3777
20190826T0000,18.500528,29.530529,24.15178,37.0,75.0,56.166668,3.319036,8.404285,5.508164,107.41796
20190827T0000,17.54053,30.55053,24.68595,39.0,74.0,54.708332,0.0,9.885262,5.0992227,137.34927
20190828T0000,22.57053,30.63053,26.398447,38.0,68.0,54.083332,2.5959969,9.511088,6.427492,223.29019
20190829T0000,21.750528,28.750528,24.612612,50.0,71.0,61.333332,2.0991426,12.682018,5.4566054,224.65692
20190830T0000,19.330528,28.530529,24.023445,49.0,80.0,65.416664,2.8116899,12.429127,5.5389366,39.96805
20190831T0000,17.97053,30.54053,24.483864,38.0,86.0,62.458332,0.71999997,10.086427,6.385882,175.30931
20190901T0000,17.750528,25.600529,21.68386,49.0,75.0,62125,3.319036,17.811815,9.537688,292.31003
20190902T0000,13.780529,21.160528,17.66803,47.0,84.0,69875,4.6800003,19.083395,9.884427,18.865738
20190903T0000,11.140529,23.47053,17.842196,38.0,86.0,61.541668,1.08,5.904439,4.356893,72.70754
20190904T0000,14.590529,25.73053,19.66553,39.0,70.0,55.5,1.5273507,17.106628,6.8036995,233.63342
20190905T0000,13.3005295,19.940529,16.209694,43.0,88.0,61.041668,6.28713,19.826164,12.521736,325.62335
20190906T0000,9.460529,19.06053,15.126779,55.0,81.0,65.458336,4.8433046,18.228943,9.967761,347.7824
20190907T0000,12.650529,20.670528,16.853863,32.0,74.0,54.166668,2.2768397,16.45007,8.066322,282.1443
20190908T0000,11.180529,14.670529,12.805112,68.0,93.0,78.0,9.47012,18.079027,14.432822,299.3747
20190909T0000,10.460529,17.98053,14.138446,47.0,84.0,64.916664,1.8,16.676977,9.694708,271.2284
20190910T0000,10.8005295,21.97053,16.23178,42.0,76.0,62.0,0.0,12.904882,8.916402,48.428345
20190911T0000,11.910529,21.500528,16.942612,48.0,79.0,60.666668,0.71999997,12.55879,5.9199347,277.10062
20190912T0000,15.060529,24.920528,20.044281,35.0,61.0,47.5,0.8049845,6.489992,4.350976,202.0679
20190913T0000,16.22053,25.64053,20.577614,49.0,79.0,62375,1.609969,16.09969,6.5661087,3.255005
20190914T0000,14.780529,26.510529,20.718029,53.0,96.0,73125,0.8049845,9.19939,4.4240503,79.745834
20190915T0000,15.170529,28.360529,22.15178,49.0,91.0,69.708336,1.835647,10.594036,6.5087323,190.52779
20190916T0000,18.510529,28.430529,23.29136,44.0,84.0,62875,1.1384199,15.629972,6.737243,268.37503
20190917T0000,13.460529,22.71053,18.49553,57.0,81.0,68.5,1.609969,18.448023,10.597703,337.53882
20190918T0000,8.420529,21.110529,14.053029,40.0,93.0,65.958336,1.5273507,13.049689,6.680519,24.120972
20190919T0000,5.290529,20.05053,12.045945,32.0,83.0,60.458332,0.0,19.353138,8.598135,51.83171
20190920T0000,5.5305285,20.850529,13.045531,27.0,75.0,53.708332,0.71999997,19.06301,10.459313,103.99145
20190921T0000,9.180529,24.12053,16.506779,38.0,72.0,56875,4.0249224,17.477621,11.260723,111.86009
20190922T0000,12.810529,25.750528,19.385946,47.0,82.0,65875,2.8799999,34.292713,10.7996025,202.50352
20190923T0000,13.630529,19.780529,15.901779,50.0,90.0,71.333336,4.3349743,23.084955,13.722497,261.88013
20190924T0000,10.350529,19.31053,15.491363,53.0,82.0,72375,3.8939953,18.844202,10.16818,168.9028
20190925T0000,13.790529,18.63053,15.917195,50.0,80.0,66375,9.904906,23.893261,16.472494,252.4176
20190926T0000,14.170529,21.520529,17.663862,58.0,83.0,70.916664,6.1305785,24.251284,15.290298,248.91832
20190927T0000,13.170529,22.15053,17.409279,52.0,78.0,69.083336,7.386582,26.6327,15.439729,255.55135
20190928T0000,11.850529,19.82053,15.726363,46.0,83.0,64.5,7.10031,23.0653,14.774352,253.65019
20190929T0000,11.360529,25.990528,18.65803,26.0,75.0,51.958332,5.904439,32.902103,17.987123,239.67973
20190930T0000,13.430529,20.270529,16.882612,42.0,82.0,63.708332,2.968636,30.811037,17.574398,270.2276
20191001T0000,12.780529,24.240528,17.657614,46.0,92.0,63.333332,3.7585104,28.137632,12.332723,259.2523
20191002T0000,9.710529,15.590529,13.423863,70.0,86.0,78625,5.8603754,26.476522,17.762863,280.59106
20191003T0000,5.6205287,14.660529,10.353863,41.0,90.0,64.791664,0.0,8.473393,4.414344,355.65256
20191004T0000,7.8805285,14.720529,11.972195,60.0,81.0,69.458336,2.7416782,28.1169,13.280477,239.58893
20191005T0000,11.400529,14.450529,12.874279,75.0,91.0,82.75,2.1897945,22.691425,15.163917,264.8999
20191006T0000,10.730529,16.97053,13.652195,67.0,93.0,81.916664,0.0,27.609911,11.190112,258.6354
20191007T0000,8.8005295,15.450529,11.604279,63.0,87.0,76.708336,4.8433046,16.87398,9.697875,260053
20191008T0000,8.430529,22.63053,15.69678,50.0,83.0,67.333336,0.8049845,25.959969,9.17106,228.40784
20191009T0000,10.980529,15.740529,12.849278,57.0,87.0,75875,6.792466,30.158459,18.798147,247.60428
20191010T0000,8.730529,15.780529,12.021778,54.0,81.0,70.166664,7.754637,27.086262,18.492039,253.20436
20191011T0000,7.9105287,19.97053,14.182197,51.0,77.0,61.541668,2.5455842,10.587917,7.3313255,114.102234
20191012T0000,10.630529,23.45053,17.865528,52.0,75.0,64375,1.8,17.174677,8.482829,146.66739
20191013T0000,12.770529,26.39053,19.267614,37.0,89.0,63.333332,7.42159,18.678415,11.962166,141.87083
20191014T0000,13.600529,25.920528,18.301363,31.0,83.0,63.666668,3.8939953,19.966211,11.040822,121.67546
20191015T0000,10.080529,17.88053,13.356364,58.0,88.0,75.708336,8.854829,29.427658,18.347494,218.51508
20191016T0000,7.2405286,18.48053,12.986779,41.0,84.0,62.916668,1.8,12.819235,8.0948925,151.04623
20191017T0000,12.420529,21.45053,16.40803,46.0,79.0,60.291668,3.219938,17.884428,10.35398,191.10384
20191018T0000,13.510529,19.330528,16.196363,53.0,89.0,72.333336,2.9024127,26.208397,11.807715,204.96573
20191019T0000,12.830529,18.07053,14.772613,67.0,94.0,85.5,1.8,28.79325,12.884117,133.69803
20191020T0000,11.230529,22.780529,17.060114,56.0,93.0,74.416664,3.4152596,19.966211,13.38474,117.06526
20191021T0000,11.660529,17.23053,14.931362,61.0,94.0,81.041664,0.35999998,13.684735,7.2216167,318.7664
20191022T0000,12.500529,18.940529,14.795531,73.0,97.0,89.416664,0.71999997,13.661038,4.7032475,333.86902
20191023T0000,11.530529,21.830528,15.579696,55.0,94.0,78625,1.2979984,19.66536,10.9924345,105.485725
20191024T0000,12.880529,19.020529,15.995114,62.0,80.0,70.416664,3.396233,25.671307,10.012437,248.32535
20191025T0000,11.960529,18.020529,14.601363,58.0,81.0,70.5,1.2979984,10.587917,5.7831287,250.89552
20191026T0000,8.710529,21.280529,15.332612,53.0,86.0,68.916664,0.35999998,11.440978,6.6806107,115.43929
20191027T0000,12.530529,20.330528,15.801362,57.0,93.0,69.791664,2.9024127,16.981165,9.814681,322.76517
20191028T0000,6.6505284,12.3005295,9.118862,86.0,94.0,90.708336,0.71999997,15.03835,8.204068,328.00665
20191029T0000,8.3005295,10.830529,9.578446,82.0,93.0,87.708336,0.0,11.966953,4.6185784,15.412231
20191030T0000,8.820529,10.590529,9.782613,75.0,92.0,83.0,1.484318,16.676977,8.893714,106.126396
20191031T0000,8.260529,14.900529,10.55553,67.0,91.0,79.291664,1.1384199,18.692286,10.830677,106.896645
20191101T0000,7.6705284,17.32053,12.409696,60.0,90.0,76.833336,3.96,24.703974,10.170375,180.85255
20191102T0000,12.140529,18.020529,14.997612,58.0,81.0,71.541664,7.145796,26.486313,18.478426,223.01547
20191103T0000,9.8005295,15.080529,11.870946,63.0,93.0,77.916664,3.96,34.875435,17.284882,212.63405
20191104T0000,7.7205286,14.870529,11.195946,56.0,80.0,69.458336,10.787993,29.620802,22.041216,246.8693
20191105T0000,6.1605287,13.110529,9.663445,57.0,88.0,73.541664,2.0364676,13.708391,7.102543,174.88268
20191106T0000,7.0505285,10.640529,9.01678,67.0,89.0,75.833336,2.52,19.083395,10.280076,246.3076
20191107T0000,3.5305285,10.270529,7.1596947,59.0,91.0,73.916664,2.9024127,26.42753,12.227284,170.31448
20191108T0000,4.8805285,7.5005283,6.0226116,79.0,90.0,82.583336,1.1384199,15.778518,8.03707,119.91136
20191109T0000,2.8205285,9.630529,6.1471953,56.0,86.0,75.0,0.8049845,16.981165,7.3116345,248.28806
20191110T0000,0.32052866,9.900529,5.003446,58.0,91.0,75.0,2.3051248,10.799999,7.0163903,87.99546
20191111T0000,1.9705287,9.630529,5.806362,57.0,86.0,75.333336,1.9386592,24.144165,6.3415027,216.94818
20191112T0000,2.5905285,9.720529,5.720529,53.0,85.0,71.75,3.6,28.594517,14.523459,250.45187
20191113T0000,2.0605285,8.160529,4.8484445,59.0,95.0,77.5,4.0249224,18.089775,9.283013,248.12987
20191114T0000,1.2705287,10.130529,5.5884457,42.0,88.0,61.583332,2.6208394,17.826363,11.304844,111.85882
20191115T0000,3.8905284,10.5505295,6.344696,50.0,83.0,69.583336,1.1384199,14.264361,6.331936,287.03015
20191116T0000,3.5605285,9.310529,5.335528,66.0,83.0,73.458336,0.35999998,11.480557,5.1606913,134.21158
20191117T0000,1.5705286,4.3305287,2.825112,78.0,93.0,85.25,1.8,21.578989,10.765016,260.26193
20191118T0000,1.2205287,6.5005283,4.150945,69.0,87.0,77.833336,6.130579,30.432245,19.756376,242.42407
20191119T0000,1.1905286,7.6005287,4.389695,69.0,90.0,81.166664,0.5091169,15.978486,6.530216,11.129181
20191120T0000,2.2405286,8.970529,5.0496955,65.0,91.0,80.666664,0.71999997,15.034041,7.438062,99.5814
20191121T0000,1.4205287,10.870529,5.749279,61.0,95.0,80125,1.2979984,12.245293,6.984163,111.03751
20191122T0000,3.1905286,11.210529,6.837195,55.0,89.0,73.916664,4.829907,21.096123,13.630303,112.51194
20191123T0000,3.6305285,14.780529,8.150945,54.0,88.0,73.416664,1.8,16.78156,7.614626,103.64795
20191124T0000,5.1405287,12.260529,8.503445,66.0,92.0,75.916664,1.8,9.3876505,5.7105045,257.21655
20191125T0000,7.2805285,11.5505295,9.242614,70.0,92.0,81.541664,0.35999998,7.928178,3.2541752,176.58342
20191126T0000,5.9305286,14.820529,10.362195,60.0,96.0,77.166664,3.219938,11.304229,6.6844687,134.89713
20191127T0000,6.1005287,12.870529,10.426362,64.0,96.0,75.166664,8.287822,29.46287,21.765474,219.31508
20191128T0000,8.880529,11.770529,9.942613,62.0,81.0,73.541664,19.878391,31.76375,25.307417,248.48991
20191129T0000,5.3305287,10.340529,8.493446,74.0,90.0,82.458336,8.089993,28.988384,21.707037,271.94897
20191130T0000,3.2105286,7.4905286,4.824695,62.0,95.0,77.416664,2.16,18.289274,10.927456,94.90188
20191201T0000,2.5305285,5.3505287,3.7317784,67.0,93.0,78.166664,1.0182338,24.967499,9.151323,89.03875
20191202T0000,-0.7494713,6.4605284,2.7076123,62.0,91.0,80.75,2.4149535,16.65754,10.24685,344.01154
20191203T0000,-1.9494714,6.3005285,1.210112,58.0,93.0,77.0,0.35999998,9.904906,4.0013523,69.17144
20191204T0000,-2.4094715,6.4705286,1.098862,56.0,89.0,76.833336,0.35999998,15.725037,5.925222,100.4858
20191205T0000,0.53052866,6.3705287,3.6101115,56.0,83.0,66.458336,0.0,8.225035,4.7853637,114.45953
20191206T0000,2.0505285,10.360529,5.5096955,46.0,74.0,64.166664,1.4399999,23.4,8.41793,138.91158
20191207T0000,4.7105284,10.400529,8.443445,56.0,85.0,75.791664,7.491114,30.147717,16.970545,256.9105
20191208T0000,3.8305285,14.400529,9.321362,56.0,85.0,70.333336,8.049845,37.806854,17.552805,231.4633
20191209T0000,4.8605285,8.460529,6.9692783,64.0,83.0,73.5,25.762016,42.645947,34.39244,257.25153
20191210T0000,-1.1094713,6.0605288,2.954695,65.0,82.0,75.083336,2.1897945,25.683926,10.728124,305.67642
20191211T0000,-0.6794713,6.8605285,3.7538621,66.0,81.0,74.333336,3.4152596,27.607563,11.096509,191.18176
20191212T0000,2.2805285,5.8905287,3.798445,46.0,85.0,69.458336,6.6087217,24.863468,17.289646,235.10503
20191213T0000,3.2405286,6.7205286,5.253029,67.0,85.0,77.0,22.027763,46.092655,35.766647,254.20557
20191214T0000,3.6705287,10.190529,7.650112,63.0,82.0,74.25,9.290511,37.114933,25.460442,246.90085
20191215T0000,9.660529,14.030529,11.812196,60.0,76.0,67.208336,7.9932976,37.107944,21.93657,233.32428
20191216T0000,3.9105287,12.910529,8.685946,56.0,96.0,74.5,7.24486,22.38378,15.083507,120.05789
20191217T0000,5.8305287,13.090529,8.540946,68.0,96.0,79.166664,8.534353,21.749483,13.907418,114.00666
20191218T0000,7.7605286,15.370529,10.639697,60.0,83.0,72.833336,8.373386,18.359999,12.204426,118.393005
20191219T0000,3.5805285,12.590529,7.3930297,63.0,90.0,78625,8.287822,19.469975,12.683423,115.313705
20191220T0000,2.7105286,13.140529,7.5513616,57.0,96.0,78625,6.297428,25.133053,14.482217,159.51663
20191221T0000,2.6505284,10.030529,6.5830283,64.0,84.0,74.958336,6.1305785,29.853966,12.544854,185.4671
20191222T0000,6.1205287,10.0505295,7.752197,67.0,84.0,76.416664,5.5887027,41.798775,26.70106,254.76021
20191223T0000,5.0305285,8.620529,6.3742795,74.0,85.0,81375,16.75064,34.80848,28.051382,272.3512
20191224T0000,4.8305287,11.960529,7.905529,71.0,83.0,76.833336,4.1046314,33.202072,20.315422,255.27052
20191225T0000,3.9305286,8.650529,6.615112,74.0,94.0,81.75,1.835647,34.746994,22.724371,266.49335
20191226T0000,2.3005285,8.280529,5.487612,64.0,93.0,80.083336,1.0182338,25.11758,11.871108,133.21628
20191227T0000,5.9505286,10.110529,7.626779,82.0,95.0,88125,1.8,23.084955,11.779256,296.07343
20191228T0000,1.6505287,7.0005283,4.206778,53.0,94.0,73.0,2.0364676,19.245697,12.533061,92.009544
20191229T0000,-0.52947134,4.2305284,1.2938619,40.0,83.0,62.541668,1.609969,13.905509,7.1834583,103.36859
20191230T0000,0.44052866,7.7605286,3.6305292,41.0,69.0,54.25,0.35999998,10.009036,5.159479,128.56526
20191231T0000,1.4905287,8.560529,5.0771947,50.0,89.0,70.541664,0.35999998,8.4963045,5.1921573,152.31165
20200101T0000,-0.30947134,6.9605284,2.9742787,64.0,86.0,76.5,0.35999998,10.390226,4.738462,108.17802
20200102T0000,1.5605286,8.090529,4.2776113,60.0,89.0,76.958336,3.219938,10.365251,6.460037,116.00026
20200103T0000,2.0405285,11.930529,6.9380283,56.0,88.0,76.916664,0.71999997,22.007162,13.623191,249.40182
20200104T0000,2.1905286,8.160529,5.7384453,59.0,95.0,79625,6.9527545,16.766108,13.170494,286.94647
20200105T0000,0.48052865,7.1005287,3.2592783,64.0,91.0,81.416664,0.8049845,12.979984,6.697565,101.11873
20200106T0000,-0.82947135,8.080529,3.1288621,59.0,88.0,72.583336,3.8939953,12.371645,8.301396,125.55067
20200107T0000,2.7405286,7.6905284,5.3959446,64.0,88.0,77.75,2.8116899,17.026896,9.088962,257.88397
20200108T0000,1.4605286,9.250529,5.765112,61.0,95.0,82.166664,1.1384199,8.891344,6.689139,115.39591
20200109T0000,8.8005295,13.200529,10.364278,35.0,82.0,64.208336,1.5273507,14.512064,7.638502,159.8822
20200110T0000,5.540529,11.010529,8.093446,52.0,88.0,70375,9.693296,29.723444,19.46067,249.90695
20200111T0000,2.1705287,8.280529,5.288445,63.0,90.0,80.0,1.8,12.605142,5.8561006,21.493652
20200112T0000,1.4005287,7.6405287,3.8892784,63.0,89.0,76375,0.35999998,7.386582,4.12048,146.7988
20200113T0000,3.2605286,10.290529,6.4551105,42.0,75.0,57375,3.396233,11.592894,7.373036,126.395515
20200114T0000,5.540529,13.410529,8.728863,45.0,67.0,52.75,4.0249224,16.267857,8.385321,167.88678
20200115T0000,4.5605288,13.3005295,7.634695,45.0,67.0,58.75,1.8,15.124284,8.610806,170.92204
20200116T0000,4.9505286,13.0505295,7.732195,53.0,82.0,70.541664,4.32,12.72283,9.421956,124.22527
20200117T0000,3.7705286,9.160529,5.891361,59.0,96.0,75.5,2.16,28.100763,11.72586,232.03793
20200118T0000,1.8705287,6.6305285,3.822612,62.0,88.0,78.166664,2.5959969,31.782108,14.178841,261.91547
20200119T0000,-0.59947133,5.0205283,1.0867786,65.0,96.0,85.083336,0.5091169,15.978486,6.0738454,9.008499
20200120T0000,-1.9094714,6.1005287,1.7067784,51.0,95.0,72125,1.4399999,26.758923,12.320853,70.428375
20200121T0000,-1.6494713,5.6105285,0.975112,52.0,89.0,73.333336,1.1384199,15.175612,6.2220035,81.11935
20200122T0000,-2.0194714,5.6505284,0.77261186,65.0,91.0,79.541664,1.484318,8.217153,4.75746,20.056091
20200123T0000,-1.3994713,4.3905287,1.0330286,60.0,93.0,74.708336,0.35999998,8.557102,3.1231015,33.690063
20200124T0000,2.3905284,10.810529,6.946363,62.0,78.0,70.25,1.0182338,8.557102,4.9040565,128.95245
20200125T0000,4.9705286,10.770529,7.8105283,60.0,86.0,77375,2.6208394,7.968939,5.28818,110.79411
20200126T0000,3.2405286,11.320529,6.8084455,63.0,80.0,70.75,3.0758414,11.983188,6.7960906,161.92998
20200127T0000,5.3205285,12.750529,8.554278,49.0,81.0,66.333336,4.68,34.897724,16.423563,215.97618
20200128T0000,3.8905284,8.090529,5.965529,67.0,84.0,73875,23.749088,38.936623,33.440113,255.64948
20200129T0000,2.8105285,7.4205284,5.095945,66.0,87.0,79.458336,10.587917,34.567497,23.564856,271.46786
20200130T0000,2.0705285,14.090529,7.9746947,44.0,87.0,71.916664,7.2,25.455843,14.5544615,212.66278
20200131T0000,9.200529,15.440529,11.984695,66.0,82.0,75.5,7.5942082,26.525429,16.627764,248.44975
20200201T0000,7.2805285,15.0505295,10.649696,55.0,88.0,76.958336,7.8625183,31.912327,17.612959,241.81961
20200202T0000,9.090529,15.490529,12.447196,72.0,82.0,76375,12.475961,39.86096,25.526983,248.63217
20200203T0000,11.380529,15.100529,13.225529,51.0,85.0,74.333336,16.279802,42.785507,31.348936,255.95032
20200204T0000,3.1705287,14.140529,5.601778,48.0,84.0,74125,19.319628,49.934998,32.174637,284.76227
20200205T0000,-0.50947136,5.5305285,2.632612,60.0,92.0,75.541664,2.9024127,18.514643,11.539795,318.57065
20200206T0000,-0.70947134,8.330529,3.448445,47.0,82.0,64.541664,1.08,11.792404,7.186622,93.37747
20200207T0000,-1.0194713,10.060529,3.517195,42.0,76.0,60.25,5.315336,14.578888,8.826911,110.42921
20200208T0000,1.0805286,11.810529,5.741362,49.0,79.0,59.458332,1.484318,10.08,7.0439606,128.81622
20200209T0000,4.0805287,12.310529,8.580945,42.0,80.0,62.0,3.396233,62.65448,27.393547,217.21577
20200210T0000,7.7005286,11.760529,9.258862,57.0,77.0,67.333336,20.380579,65.44677,47.890514,254.17816
20200211T0000,3.8605285,7.8605285,5.5305285,62.0,80.0,72.083336,25.86494,52.204964,38.02232,269.84122
20200212T0000,2.3305285,7.3605285,4.656779,59.0,79.0,69.75,10.086427,34.22841,23.922674,255.96376
20200213T0000,1.5105287,11.100529,6.8184447,35.0,84.0,64.5,7.9526596,44.631287,26.249199,228.39346
20200214T0000,4.8505287,9.460529,6.958029,70.0,84.0,77.541664,4.510787,37.44,19.652498,264.22833
20200215T0000,3.4905286,13.730529,8.351362,37.0,85.0,65.583336,0.0,13.084402,6.66382,133.58153
20200216T0000,9.480529,17.940529,13.330529,32.0,59.0,46.75,2.5455842,28.775238,15.564464,207.52814
20200217T0000,6.5505285,12.600529,10.411778,52.0,86.0,72.083336,3.219938,24.84,14.634065,259.26825
20200218T0000,3.3605285,9.630529,6.1121955,49.0,84.0,68.416664,9.659814,21.96,16.580889,261.55722
20200219T0000,4.3405285,7.3405285,5.665528,57.0,80.0,70.791664,8.854829,33.190357,22.201035,260.81906
20200220T0000,3.9405286,13.310529,8.228444,53.0,79.0,66.583336,4.2136917,27.181787,11.591821,247.08377
20200221T0000,2.5005286,9.8005295,6.3230286,39.0,83.0,59.708332,5.315336,28.99062,12.119247,280773
20200222T0000,2.8805285,14.500529,8.695529,35.0,67.0,47.166668,1.08,22.782625,12.925064,258.01605
20200223T0000,9.070529,15.650529,12.541781,52.0,75.0,62.458332,13.084402,37.457306,26.631365,261.43878
20200224T0000,9.980529,16.680529,12.845528,50.0,85.0,67.583336,7.5942073,27.698952,17.724815,260.69962
20200225T0000,5.9705286,11.220529,9.00803,54.0,83.0,66875,14.869351,32.489876,24.14799,259.71762
20200226T0000,1.2005286,5.3005285,2.9326117,67.0,89.0,79.708336,25.56,45.79222,35.4621,273.03632
20200227T0000,0.60052866,9.840529,3.882612,50.0,89.0,74.041664,20.883102,53.78477,37.746643,253.34445
20200228T0000,0.09052865,9.750529,5.335112,30.0,93.0,57375,11.792404,32.491867,17.630915,247.88889
20200229T0000,7.7605286,14.540529,10.792614,43.0,82.0,56.708332,3.8268526,58.89604,27.518438,225.22705
20200301T0000,5.2805285,13.240529,8.659696,45.0,86.0,64125,11.966953,42.9729,25.487951,240.20293
20200302T0000,3.0305285,11.390529,6.640528,61.0,87.0,75.208336,8.217153,39.831684,17.76255,237.17798
20200303T0000,0.93052864,8.100529,4.7884455,47.0,87.0,68625,6.4799995,37.419224,20.710424,277.94638
20200304T0000,2.3605285,10.440529,6.7509456,46.0,90.0,64625,0.35999998,20.957443,10.754739,257.3106
20200305T0000,5.5705285,11.570529,8.031779,45.0,81.0,69.416664,8.891343,34.651752,21.628454,207.55281
20200306T0000,4.0305285,7.6405287,5.8955283,63.0,82.0,73.083336,20.150354,46.193764,33.951324,255.01483
20200307T0000,2.3105285,8.500529,5.1088614,54.0,84.0,70.25,6.193674,23.906818,14.808507,277.80377
20200308T0000,1.3705287,13.410529,7.7101116,48.0,85.0,63.833332,2.1897945,18.751125,8.27897,220.97516
20200309T0000,2.9505286,9.200529,6.742195,62.0,89.0,75.041664,7.127636,24.144165,16.415268,269.20822
20200310T0000,2.5005286,10.620529,7.3534465,66.0,85.0,76.666664,8.209263,20.969807,15.10073,225.76277
20200311T0000,9.510529,17.06053,12.985528,63.0,85.0,74.583336,5.692099,30.302078,18.162798,255.28114
20200312T0000,8.850529,16.610529,12.741364,55.0,87.0,72.916664,6.6087217,30.453527,19.349333,273.7834
20200313T0000,4.5905285,11.460529,8.177613,36.0,82.0,55.791668,3.5455887,21.542923,13.841451,282.3726
20200314T0000,4.8205285,12.140529,8.470111,43.0,67.0,55.5,1.484318,9.178235,5.4156785,42.247498
20200315T0000,1.3805287,16.40053,9.235112,38.0,91.0,61375,0.35999998,16.79314,9.00604,126.078285
20200316T0000,4.040529,17.270529,11.668446,37.0,85.0,55.583332,1.4399999,9.511088,4.7010775,117.37451
20200317T0000,9.510529,17.090528,13.214278,53.0,81.0,65.666664,1.9386592,10.829958,6.075668,333.8247
20200318T0000,8.3005295,18.87053,13.58928,52.0,98.0,73.541664,1.8,9.826088,4.912787,20.246628
20200319T0000,9.990529,19.020529,14.616364,52.0,90.0,69375,1.609969,5.4119864,4.0635333,94.48461
20200320T0000,10.910529,17.15053,13.365529,59.0,88.0,74.0,0.8049845,11.592895,5.2578397,200.51932
20200321T0000,5.0805287,10.720529,8.720946,64.0,96.0,79.75,1.4399999,23.40277,11.113952,23.8788
20200322T0000,0.37052867,11.940529,5.855528,27.0,76.0,52.583332,24.48,36.36,29.913767,89.79885
20200323T0000,-1.7494713,10.110529,3.2521956,20.0,45.0,33.291668,19.8,34.711544,26.584036,95.414246
20200324T0000,-1.0994713,9.900529,3.916362,25.0,49.0,36.041668,9.422101,33.12,22.297384,92.67289
20200325T0000,-2.4594715,10.160529,3.3376114,31.0,79.0,53125,1.5273507,27.551172,10.2820635,65.583145
20200326T0000,-1.2494713,11.690529,4.757612,35.0,79.0,57.291668,3.319036,17.992796,8.880892,33.388504
20200327T0000,0.73052865,13.590529,7.2517776,47.0,92.0,69375,0.8049845,16.516901,6.7525735,334.0453
20200328T0000,6.2105284,15.920529,10.625112,54.0,79.0,68.25,2.0991426,11.440979,5.898039,337.3062
20200329T0000,2.6405284,7.6405287,4.3676124,71.0,89.0,79.791664,5.8603754,28.387545,19.91648,352.0269
20200330T0000,-0.08947134,9.560529,4.5542793,28.0,73.0,50.333332,2.0991426,32.571545,21.405603,59.555176
20200331T0000,-2.2594714,10.820529,4.048445,32.0,70.0,49.333332,1.609969,23.78453,12.047055,79.1179
20200401T0000,-1.5794713,11.630529,5.2209454,34.0,71.0,53.583332,0.5091169,10.538843,5.3575273,360.0
20200402T0000,3.6005285,14.110529,8.576779,38.0,64.0,52875,0.71999997,18.079027,8.092025,272.73248
20200403T0000,3.5805285,12.790529,8.464696,42.0,70.0,56.208332,0.71999997,12.979984,6.810917,319.11395
20200404T0000,4.4905286,16.850529,10.570946,37.0,77.0,58625,0.35999998,13.849477,6.4602857,96.83616
20200405T0000,5.1005287,19.580528,12.548028,34.0,74.0,54.291668,6.130579,14.336861,9.155831,108.151146
20200406T0000,8.650529,20.260529,14.593445,40.0,71.0,54125,0.5091169,9.0,4.565396,122.735214
20200407T0000,11.380529,22.47053,16.24678,29.0,68.0,51.333332,2.9024127,22.007162,10.070581,102.39013
20200408T0000,10.420529,22.350529,16.552195,33.0,61.0,47.833332,1.0182338,11.252519,6.3055744,245.82643
20200409T0000,12.710529,22.29053,17.44678,37.0,63.0,49.0,1.1384199,8.78872,5.4763007,116.085594
20200410T0000,8.450529,23.080528,16.633444,31.0,79.0,54.208332,0.8049845,11.090103,5.5301914,82.900085
20200411T0000,9.120529,22.760529,16.92636,35.0,88.0,55.916668,1.0182338,9.885262,6.3405232,82.374596
20200412T0000,11.8005295,22.600529,17.847612,33.0,68.0,48.958332,1.08,7.7879906,5.3511295,263.48022
20200413T0000,9.320529,21.57053,15.790114,27.0,61.0,47.541668,0.5091169,26.27753,11.055595,349.92755
20200414T0000,0.60052866,12.830529,7.940945,32.0,74.0,45.75,1.8,15.542662,8.956704,52.206062
20200415T0000,0.68052864,19.680529,11.034279,24.0,61.0,41.166668,5.1919937,16.676977,10.500961,108.945305
20200416T0000,9.660529,22.580528,16.466364,38.0,69.0,46875,2.5455842,7.9036193,5.074779,116.146835
20200417T0000,13.660529,23.80053,19.094696,34.0,72.0,51.458332,0.8049845,5.95906,3.4030876,98.82974
20200418T0000,15.680529,22.330528,19.08928,44.0,68.0,54125,2.8799999,12.964998,7.935034,264.0898
20200419T0000,12.200529,23.31053,17.777613,41.0,86.0,62.0,1.484318,16.263872,7.9757667,64.96718
20200420T0000,8.850529,21.340528,15.457196,44.0,94.0,64.0,3.0547013,24.48,13.623604,83.9559
20200421T0000,9.920529,22.440529,15.403861,40.0,64.0,51.166668,1.2979984,24.119999,10.582393,84.53698
20200422T0000,7.0105286,21.750528,14.710946,40.0,70.0,52.958332,4.3349743,14.618837,9.703278,81.56648
20200423T0000,8.900529,21.97053,16.11178,32.0,76.0,50.791668,1.835647,12.879752,7.3157144,73.84266
20200424T0000,10.850529,22.63053,17.629282,37.0,71.0,55.416668,3.7585104,23.73271,11.489838,270.93307
20200425T0000,12.560529,20.770529,17.14636,45.0,86.0,63.083332,1.08,7.628263,4.8257337,312.1702
20200426T0000,11.170529,21.20053,16.124695,34.0,67.0,48875,1.1384199,11.720751,6.7411685,285.13715
20200427T0000,10.230529,22.240528,17.078032,36.0,85.0,53875,1.4399999,14.618837,7.5271015,259.53467
20200428T0000,11.600529,17.160528,14.483028,58.0,92.0,76.75,4.5820518,23.042812,12.262615,253.42953
20200429T0000,9.410529,16.740528,13.205945,48.0,85.0,64.25,2.9024127,21.986542,16.021914,256.70654
20200430T0000,9.910529,14.560529,12.43803,59.0,89.0,70.25,1.2979984,29.671074,16.00598,234.99817
20200501T0000,7.4205284,14.140529,11.668446,49.0,84.0,69.958336,1.9386592,25.842384,15.600097,258.9535
20200502T0000,6.9705286,13.970529,11.277614,64.0,87.0,76125,7.491114,26.758923,16.109735,271.67065
20200503T0000,5.0705285,19.340528,13.254693,38.0,90.0,64625,0.8049845,14.77755,8.181779,206.0535
20200504T0000,12.540529,20.82053,16.417612,53.0,90.0,71.583336,8.225035,20.188908,12.175446,291.11276
20200505T0000,11.830529,14.880529,12.962612,67.0,90.0,79375,1.1384199,17.651016,8.329846,109.6107
20200506T0000,9.350529,18.690529,13.627194,41.0,94.0,59.458332,2.7416782,17.673029,8.330448,75.96376
20200507T0000,5.2305284,21.600529,15.03678,33.0,71.0,50.166668,1.8,13.324863,6.6857333,87.58048
20200508T0000,13.040529,25.21053,20.049698,43.0,69.0,52.333332,0.5091169,10.137692,5.096731,218.65984
20200509T0000,16.90053,25.70053,21.613443,37.0,74.0,55.25,0.35999998,8.287822,4.7879806,351.8175
20200510T0000,16.580528,24.680529,20.62428,47.0,70.0,57.583332,1.0182338,11.090103,5.7644157,93.113434
20200511T0000,4.8705287,16.22053,9.228446,76.0,96.0,87.416664,2.968636,27.698952,15.654468,340023
20200512T0000,1.9405286,16.360529,10.005946,38.0,80.0,55.333332,2.16,24.84,11.182376,72.95934
20200513T0000,7.2705283,16.240528,12.070529,53.0,95.0,72125,2.4149535,22.805367,10.332864,347.2389
20200514T0000,8.510529,16.520529,12.238445,57.0,95.0,76625,1.9386592,20.288164,9.408955,29.864151
20200515T0000,6.5105286,16.850529,12.216778,53.0,90.0,70.458336,4.379589,16.78156,10.290753,9.197815
20200516T0000,6.7205286,20.270529,13.859279,49.0,83.0,66.958336,0.8049845,16.454008,7.075016,1.3168945
20200517T0000,9.920529,20.510529,15.178864,47.0,79.0,64.333336,1.9386592,23.14103,12.236657,346.7778
20200518T0000,9.830529,23.090528,16.753862,40.0,81.0,60.333332,1.9386592,18.03237,8.885701,340.18854
20200519T0000,13.210529,23.88053,18.571363,45.0,80.0,60.333332,2.8116899,21.829777,10.385574,354.96356
20200520T0000,12.770529,23.600529,18.632193,47.0,73.0,58.5,1.835647,11.91812,5.9369893,37.24478
20200521T0000,11.390529,25.530529,19.574697,43.0,84.0,62.25,0.35999998,9.255571,5.233278,21.501434
20200522T0000,15.720529,27.48053,21.583445,43.0,76.0,63125,3.2399998,19.813087,9.242535,245.41284
20200523T0000,7.7505283,20.40053,13.91303,69.0,86.0,78.541664,3.6,31.235058,11.537956,298.80453
20200524T0000,7.6005287,18.590528,14.330529,45.0,84.0,62.75,1.8,17.974781,8.53744,295.59906
20200525T0000,10.950529,20.12053,15.544696,50.0,79.0,64.0,1.1384199,22.35481,9.887408,19.860962
20200526T0000,8.920529,21.37053,15.71928,47.0,82.0,63.458332,0.35999998,16.24394,10.412625,62.204857
20200527T0000,7.7005286,23.31053,16.459696,32.0,89.0,59.166668,1.4399999,12.661564,7.034923,47.65068
20200528T0000,12.220529,21.500528,17.271362,45.0,73.0,54.791668,1.5273507,15.379206,8.18372,63.555695
20200529T0000,7.4905286,21.360529,15.525109,34.0,78.0,53.416668,0.71999997,27.820337,15.486295,80.28824
20200530T0000,8.630529,21.500528,15.592195,32.0,81.0,56.0,3.219938,20.598795,10.666106,75.60549
20200531T0000,7.9405284,21.510529,15.420112,36.0,84.0,57.541668,1.4399999,15.856356,8.974841,82.260765
20200601T0000,8.620529,24.87053,17.840113,39.0,83.0,57.916668,0.0,18.391735,9.557519,95.70145
20200602T0000,12.660529,25.260529,20.048862,43.0,75.0,56.083332,0.35999998,7.5685663,4.0959034,19.85521
20200603T0000,15.570529,24.57053,19.396776,41.0,90.0,63.833332,2.0364676,15.137133,7.8478055,232.37378
20200604T0000,13.200529,17.680529,15.954697,64.0,96.0,78.791664,1.835647,21.986542,12.775565,264.52264
20200605T0000,10.580529,17.780529,14.679696,46.0,88.0,67.583336,13.797912,35.127216,24.382132,255.85904
20200606T0000,13.220529,19.430529,16.032194,55.0,84.0,71.583336,6.725354,30.21642,18.51441,260.71188
20200607T0000,11.860529,18.30053,14.514697,47.0,88.0,69.083336,2.5959969,12.599999,7.163404,260.3948
20200608T0000,11.600529,18.37053,14.861362,54.0,83.0,67.833336,1.609969,20.907913,10.792358,2.3047638
20200609T0000,10.880529,15.410529,13.622196,79.0,93.0,85625,2.16,21.647945,14.331376,336.90918
20200610T0000,12.330529,16.63053,14.493863,73.0,96.0,85.708336,6.924738,17.87718,13.2481985,315.19226
20200611T0000,12.400529,21.100529,16.646364,52.0,93.0,73.208336,5.4477882,13.004921,8.797389,288.43497
20200612T0000,11.540529,26.87053,19.803028,35.0,85.0,59.291668,5.8603754,21.407139,11.607978,108.756386
20200613T0000,14.180529,21.87053,17.305946,56.0,91.0,76875,2.16,23.143827,11.104461,294.51215
20200614T0000,13.820529,20.37053,16.789698,61.0,92.0,77125,9.659814,22.3229,16.100033,272.4919
20200615T0000,14.200529,20.740528,17.865114,54.0,81.0,65.708336,6.638072,18.59845,12.271664,280.1221
20200616T0000,15.000529,20.340528,17.680529,57.0,83.0,68.75,3.7585104,11.923557,7.299583,305.35095
20200617T0000,12.100529,16.580528,14.856778,78.0,91.0,85.083336,1.1384199,23.623243,10.438228,282.8268
20200618T0000,9.5505295,20.680529,15.589695,52.0,87.0,68.666664,5.0142193,14.471821,9.723675,252.87445
20200619T0000,11.470529,19.770529,16.321363,55.0,82.0,66.583336,3.7064266,16.199999,8.554102,258.8951
20200620T0000,11.790529,22.670528,17.828863,44.0,80.0,62.666668,0.5091169,11.269782,6.020151,310.56555
20200621T0000,15.130529,24.100529,19.910944,45.0,76.0,60.166668,1.0182338,12.904882,6.238648,270.50406
20200622T0000,16.420528,24.32053,20.158447,50.0,81.0,67.0,1.2979984,15.937878,7.936732,352.5213
20200623T0000,13.760529,28.06053,21.32886,39.0,87.0,62.333332,0.5091169,15.5843,8.939424,84.396454
20200624T0000,13.380529,28.940529,21.98636,34.0,84.0,56375,1.08,19.09358,11.230896,102.6746
20200625T0000,14.870529,28.73053,22.922197,38.0,76.0,53.916668,2.2768397,16.946787,9.317361,105.99766
20200626T0000,18.95053,28.750528,23.745947,44.0,91.0,66125,0.71999997,27.25559,11.377927,189.2933
20200627T0000,19.530529,28.89053,24.437614,42.0,86.0,60.208332,2.0991426,12.9249525,8.20214,257.11484
20200628T0000,17.39053,24.81053,21.03678,52.0,81.0,67.416664,2.5455842,19.35314,11.348442,258.62854
20200629T0000,16.20053,22.170528,19.08803,52.0,90.0,68.5,5.95906,24.933735,15.004745,261.3509
20200630T0000,11.690529,24.830528,19.616777,44.0,79.0,61.25,1.9386592,18.089775,9.917029,260.26913
20200701T0000,17.740528,29.420528,23.439697,40.0,79.0,61.708332,1.484318,18.03237,8.478028,220.7374
20200702T0000,18.160528,22.910528,20.593029,57.0,85.0,69.25,5.6233797,23.73271,12.806488,263.65158
20200703T0000,14.960529,22.420528,19.090528,47.0,75.0,59.5,3.0547013,15.034041,7.9707246,320.86786
20200704T0000,13.650529,25.04053,20.038446,43.0,77.0,59.25,1.609969,16.394829,9.60831,256.3287
20200705T0000,15.070529,26.30053,21.807611,49.0,74.0,64.083336,3.6,26.183659,14.442033,263.6364
20200706T0000,12.980529,21.32053,18.184694,40.0,83.0,62.5,2.0991426,24.066206,15.674851,299.4408
20200707T0000,11.810529,23.030529,17.946777,35.0,74.0,55.25,2.0991426,14.24163,7.0638976,352.6416
20200708T0000,13.390529,26.110529,20.654278,34.0,69.0,52.958332,1.08,17.654686,8.98165,260.59763
20200709T0000,17.350529,29.97053,24.390112,41.0,71.0,52.791668,1.484318,13.084402,7.0473194,244.13977
20200710T0000,17.000528,28.15053,23.12178,47.0,84.0,59625,2.9024127,28.08923,14.637355,285.1743
20200711T0000,14.280529,21.30053,17.404278,50.0,93.0,70125,3.96,18.430452,10.037779,10.939072
20200712T0000,10.980529,25.010529,18.61178,34.0,85.0,56875,1.4399999,17.771753,10.272219,87.58897
20200713T0000,12.310529,25.690529,19.574697,38.0,81.0,57.791668,1.1384199,8.473393,4.62644,326.94418
20200714T0000,16.170528,24.30053,20.533445,39.0,80.0,56.083332,1.8,14.336861,6.955305,292.45154
20200715T0000,16.14053,20.88053,18.396362,57.0,85.0,72.75,0.71999997,17.414476,7.874351,275.9002
20200716T0000,15.670529,20.360529,17.651781,61.0,92.0,77.291664,0.8049845,21.915693,13.59817,280.05658
20200717T0000,14.990529,20.80053,17.497614,59.0,92.0,75.5,1.8,8.4042845,5.070751,0.34513855
20200718T0000,12.630529,24.940529,19.62928,44.0,82.0,62.083332,2.8799999,11.212135,7.0183067,91.22258
20200719T0000,15.710529,27.15053,22.179695,41.0,70.0,55.208332,3.0547013,9.021574,5.322803,109.008705
20200720T0000,18.06053,29.580528,24.11928,33.0,74.0,53.041668,0.5091169,8.905908,4.6366377,289.47656
20200721T0000,16.48053,27.510529,22.16928,47.0,86.0,66.166664,1.2979984,10.495713,4.135488,324.41098
20200722T0000,15.100529,26.20053,21.200945,50.0,80.0,64.166664,2.2768397,10.1887,5.976148,286.98364
20200723T0000,17.57053,27.45053,22.635948,40.0,76.0,56.166668,1.2979984,10.24578,5.1795235,274.8304
20200724T0000,17.020529,24.72053,21.25011,43.0,77.0,60875,1.484318,13.684735,7.735512,243.9144
20200725T0000,15.890529,27.12053,21.883446,40.0,81.0,59875,1.0182338,8.287822,5.207355,135.65854
20200726T0000,19.100529,24.910528,22.125946,50.0,74.0,61.458332,0.8049845,21.24305,10.164358,252.95097
20200727T0000,15.920529,31.39053,24.242197,35.0,84.0,58.916668,3.319036,12.605142,8.320893,152.84277
20200728T0000,20.06053,27.30053,24.057615,54.0,73.0,61.833332,1.9386592,21.077686,11.739697,277.47156
20200729T0000,16.190529,26.88053,21.95678,38.0,74.0,56.458332,2.0991426,9.726665,6.2099223,332.5658
20200730T0000,17.520529,30.70053,24.59511,38.0,77.0,56.0,0.35999998,6.638072,3.2254236,29.617935
20200731T0000,19.95053,33.87053,27.409697,35.0,72.0,55.083332,1.484318,10.383987,4.6595664,109.32054
20200801T0000,20.930529,33.28053,27.518446,42.0,72.0,55.25,1.5273507,19.164719,9.997724,278.63712
20200802T0000,18.690529,25.030529,21.942612,66.0,88.0,77.208336,1.9386592,16.62249,7.778574,284.97833
20200803T0000,14.900529,18.940529,17.766361,68.0,93.0,80.791664,3.2599385,12.496719,8.052666,314.33893
20200804T0000,13.3005295,19.97053,16.29178,57.0,92.0,75.708336,1.484318,15.546833,9.779687,312.46643
20200805T0000,11.650529,25.090528,18.631779,38.0,85.0,62.208332,7.5942082,19.44,13.063259,106.0015
20200806T0000,13.650529,27.160528,20.905943,53.0,80.0,65875,4.0249224,9.693296,6.2192645,104.34933
20200807T0000,17.13053,29.65053,23.847197,49.0,84.0,67.791664,4.6938257,10.041354,7.3727374,105.80926
20200808T0000,18.38053,31.510529,25.4947,37.0,90.0,61125,6.3690495,12.682018,10.026465,111.952446
20200809T0000,20.180529,31.47053,26.259283,43.0,70.0,56.25,5.6233797,12.313893,8.411839,113.93046
20200810T0000,19.670528,32.400528,26.755941,39.0,79.0,58.75,2.2768397,12.605142,7.7650814,119.15555
20200811T0000,21.82053,32.150528,26.975945,38.0,82.0,59.25,1.2979984,21.2522,10.49545,114.37148
20200812T0000,21.000528,33.130527,27.443863,39.0,76.0,55.916668,2.8799999,12.313893,7.664524,129.22766
20200813T0000,21.13053,29.05053,25.779284,39.0,80.0,53375,1.609969,17.414474,7.035414,151.69923
20200814T0000,19.270529,23.690529,21.484282,62.0,84.0,73.583336,2.5959969,13.202726,6.7565675,249.97601
20200815T0000,16.73053,27.440529,22.63678,46.0,90.0,66.333336,0.5091169,9.346143,4.457741,101.849976
20200816T0000,17.20053,30.270529,23.48636,37.0,85.0,66.583336,0.71999997,22.065973,9.184584,174.28941
20200817T0000,17.14053,24.04053,20.710943,49.0,96.0,72.416664,2.16,19.813087,8.443626,229.41522
20200818T0000,16.610529,23.23053,19.81053,54.0,79.0,67.708336,0.8049845,10.1376915,5.691937,247.52823
20200819T0000,15.590529,27.840528,22.283861,44.0,86.0,63.666668,4.6938257,12.594856,8.381884,124.85991
20200820T0000,17.760529,32.53053,25.729696,35.0,85.0,58.833332,3.0758414,12.43434,9.194438,136.01526
20200821T0000,19.940529,33.220528,26.894697,30.0,74.0,55625,4.6800003,16.808569,9.572968,200.10158
20200822T0000,17.990528,25.13053,21.925112,50.0,86.0,66625,8.049845,18.671474,12.561023,259.8051
20200823T0000,15.430529,23.000528,19.668446,46.0,71.0,58.333332,4.452954,21.077686,13.020217,266.84927
20200824T0000,15.360529,23.55053,19.36928,39.0,71.0,54875,0.0,17.462782,8.028599,274.59283
20200825T0000,13.490529,27.31053,20.795528,37.0,74.0,53625,1.609969,13.854155,8.350917,147.75406
20200826T0000,16.72053,24.54053,21.590528,40.0,81.0,55875,7.072878,32.49785,21.548294,261.70627
20200827T0000,14.370529,25.07053,20.393446,43.0,78.0,60.708332,0.5091169,9.339208,4.9885025,189.67336
20200828T0000,15.700529,21.31053,18.464693,52.0,91.0,74.208336,0.8049845,21.758419,9.3729725,251.25867
20200829T0000,12.770529,18.760529,15.385113,63.0,88.0,80.458336,0.8049845,16.375053,9.22631,164.8989
20200830T0000,11.3005295,15.460529,13.52428,71.0,90.0,84.458336,2.0991426,23.993399,10.185474,223.42921
20200831T0000,12.700529,19.72053,15.715946,55.0,92.0,73.958336,1.1384199,13.276144,7.29418,312.90277
20200901T0000,12.420529,18.940529,15.675111,62.0,92.0,76.0,2.5455842,14.007655,8.3444605,301.87958
20200902T0000,13.010529,21.15053,16.888447,49.0,83.0,65.708336,2.3051248,8.0899935,4.720713,97.74273
20200903T0000,13.000529,23.830528,18.655111,43.0,75.0,59.5,0.35999998,11.440978,5.395244,195.76215
20200904T0000,15.170529,28.020529,21.930529,40.0,81.0,59.708332,0.35999998,9.0,4.5595145,122.58954
20200905T0000,17.830528,26.510529,22.03261,41.0,69.0,56.166668,0.71999997,20.008356,11.739941,298.3764
20200906T0000,14.270529,20.940529,17.696362,47.0,81.0,63.166668,5.6233797,16.595179,11.1265,333.14832
20200907T0000,11.860529,22.360529,16.526363,42.0,78.0,62.458332,0.71999997,11.923557,5.837045,14.188751
20200908T0000,12.140529,23.910528,18.292196,48.0,80.0,63.25,0.35999998,7.0911775,2.489999,8.972626
20200909T0000,14.690529,26.690529,20.534277,42.0,83.0,60.583332,1.609969,12.620554,6.6522465,256.10577
20200910T0000,15.950529,25.72053,20.569698,45.0,85.0,59.666668,0.71999997,14.759999,7.5245895,23.088287
20200911T0000,15.120529,25.71053,20.632196,51.0,92.0,70.5,0.0,10.24578,3.2366755,344.89893
20200912T0000,17.39053,27.360529,22.366777,46.0,86.0,64625,1.0182338,6.5693827,2.6653678,199.23067
20200913T0000,17.190529,28.240528,22.43928,45.0,73.0,59.5,2.5455842,9.028754,5.127641,97.8763
20200914T0000,16.510529,30.07053,23.634695,42.0,80.0,61.416668,0.0,12.303366,6.2739563,116.09265
20200915T0000,19.87053,30.500528,25.109695,36.0,77.0,55.291668,1.2979984,11.928989,5.196805,190.44781
20200916T0000,21.010529,30.350529,25.06928,32.0,66.0,51.166668,1.08,13.363711,5.1163883,74.09381
20200917T0000,15.730529,27.750528,21.05636,41.0,93.0,67.166664,1.0182338,18.388212,8.878246,25.487244
20200918T0000,14.100529,26.63053,19.862194,53.0,83.0,66.958336,1.08,18.057508,11.559356,109.11763
20200919T0000,13.200529,24.65053,19.860529,50.0,80.0,66.208336,0.0,17.10284,7.074978,114.82054
20200920T0000,16.56053,26.20053,20.588028,37.0,96.0,70.458336,0.8049845,14.118243,6.1001415,324.80762
20200921T0000,16.360529,24.760529,20.519278,50.0,87.0,67125,1.484318,11.542478,7.10374,193.94193
20200922T0000,16.600529,25.04053,20.41053,45.0,75.0,61.0,4.0249224,14.24163,7.6136374,235.74774
20200923T0000,16.510529,22.760529,19.129694,50.0,84.0,67.0,3.4152596,16.78156,8.172961,197.21608
20200924T0000,13.710529,22.680529,18.29553,46.0,93.0,65.208336,2.7416782,24.098497,13.714711,255.02545
20200925T0000,8.3005295,14.240529,10.987613,53.0,85.0,69.75,10.948973,31.37168,23.620934,266.80768
20200926T0000,6.6605287,10.260529,8.517612,70.0,80.0,76.083336,28.1169,43.921474,34.537983,264.50385
20200927T0000,7.2205286,15.100529,9.857612,46.0,80.0,68.583336,3.4152596,29.168886,17.44191,232.30576
20200928T0000,4.8305287,16.170528,10.873029,49.0,81.0,69.083336,0.35999998,13.627795,6.3797054,234.03949
20200929T0000,10.340529,16.440529,13.193028,61.0,83.0,72.208336,2.5455842,22.450264,11.987021,252.3994
20200930T0000,9.560529,20.39053,15.030113,52.0,86.0,69125,2.968636,12.181625,6.995833,105.28161
20201001T0000,12.200529,21.04053,14.973027,47.0,87.0,72.291664,2.0364676,18.947083,8.929799,206.79152
20201002T0000,11.370529,21.47053,14.951779,58.0,90.0,77.083336,3.6179552,26.072052,15.135083,106.81598
20201003T0000,8.500529,16.610529,12.072613,49.0,90.0,67625,3.9763298,40.430737,18.434536,183.22255
20201004T0000,10.040529,16.80053,12.917613,46.0,78.0,61125,10.799999,48.689247,25.803522,219.58153
20201005T0000,9.010529,14.620529,12.053029,57.0,82.0,69625,4.6938252,32.52177,18.915768,222.46114
20201006T0000,10.640529,17.110529,13.516364,55.0,87.0,68.708336,11.304229,33.233284,23.607222,239.57681
20201007T0000,10.470529,13.660529,11.913029,69.0,83.0,76.291664,11.457958,28.943642,22.265501,257.36398
20201008T0000,10.660529,19.420528,14.815529,53.0,80.0,68.958336,5.00128,20.617662,10.357151,243.34186
20201009T0000,11.470529,20.07053,15.7988615,60.0,82.0,70.333336,5.5887027,15.256526,9.711358,241.52017
20201010T0000,7.5005283,13.940529,11.39178,71.0,92.0,79.666664,6.763786,21603,12.361793,277.55548
20201011T0000,4.6205287,12.270529,8.629278,56.0,82.0,73.041664,2.3051248,20.12461,10.80746,294.22287
20201012T0000,6.6205287,11.920529,9.338029,57.0,85.0,69.083336,2.4149535,12.594856,8.208337,317.16693
20201013T0000,7.3605285,13.600529,10.066779,46.0,77.0,63.166668,1.4399999,15.192682,9.474206,103.05125
20201014T0000,4.8305287,13.570529,8.655946,48.0,83.0,69.25,1.4399999,12.413477,5.5413456,59.816315
20201015T0000,6.0305285,11.450529,8.676779,69.0,93.0,83125,3.0547013,17.902534,10.077941,356.89612
20201016T0000,7.2605286,12.900529,9.738862,70.0,95.0,85.458336,3.8939953,18.486622,12.413264,349.3628
20201017T0000,5.6005287,12.400529,9.163028,54.0,87.0,71.333336,3.6,9.504273,6.6563325,329.5272
20201018T0000,7.1905284,12.610529,9.575945,50.0,81.0,66.25,0.35999998,7.9932966,3.9523365,324.61658
20201019T0000,5.3905287,15.3005295,9.711363,50.0,80.0,66.833336,4.379589,15.629971,10.020991,114.26353
20201020T0000,4.6605287,19.910528,12.234279,42.0,86.0,64.583336,1.08,14.77755,9.742982,130.86026
20201021T0000,10.810529,23.160528,16.629278,21.0,77.0,52.25,6.0347,21.437386,13.15329,128.70493
20201022T0000,11.040529,20.240528,15.703029,48.0,87.0,61.208332,6.519877,21.434364,12.249702,157.15544
20201023T0000,12.510529,17.45053,14.182199,71.0,96.0,85.333336,5.904439,24.993439,11.275567,203.73405
20201024T0000,9.020529,16.930529,12.88803,55.0,89.0,74.25,2.968636,14.973576,10.416501,235.7263
20201025T0000,6.4905286,20.770529,13.747613,42.0,95.0,65.791664,5.3999996,19.881649,12.492827,171.47836
20201026T0000,6.2105284,13.370529,9.525945,71.0,84.0,77.916664,4.3498964,28.808998,12.164615,217.55783
20201027T0000,4.8205285,13.580529,9.34553,51.0,86.0,68.0,4.0249224,17.651016,11.855773,217.39766
20201028T0000,10.360529,16.430529,12.924695,50.0,72.0,63.541668,1.1384199,23.441502,12.209361,252.22769
20201029T0000,10.780529,15.170529,13.021361,63.0,83.0,72.208336,10.383987,27.722336,21.437622,257.6956
20201030T0000,11.490529,17.240528,14.057195,60.0,87.0,72.958336,1.0182338,19.559633,12.021858,259.77496
20201031T0000,7.9705286,17.97053,13.073448,58.0,97.0,77.958336,1.1384199,14.33234,7.6060224,115.98258
20201101T0000,12.160529,18.70053,15.482613,40.0,86.0,65.541664,2.3051248,17.727943,9.038772,176.1196
20201102T0000,17.020529,23.430529,19.254278,55.0,78.0,67375,5.8603754,19.852295,10.913239,239.05373
20201103T0000,9.320529,17.81053,11.728028,67.0,85.0,78625,4.3349743,25.699057,13.109783,299.51514
20201104T0000,5.6605287,11.530529,8.986779,61.0,86.0,75.291664,4.6102495,15.188415,8.692491,1.6780853
20201105T0000,4.0505285,14.490529,8.319695,58.0,91.0,77.541664,1.5273507,10.464797,6.290261,0.22468567
20201106T0000,2.9605286,13.490529,7.88678,65.0,90.0,79375,0.5091169,21.194187,12.627349,114.86369
20201107T0000,4.9105287,16.830528,10.44053,52.0,92.0,70.916664,5.8048253,20.858265,15.503367,116.94116
20201108T0000,8.210529,17.21053,12.716779,51.0,78.0,65.583336,0.0,11.874544,4.5641055,113.7495
20201109T0000,10.240529,16.860529,12.957612,53.0,89.0,64875,2.3051248,7.42159,4.8350153,117.20062
20201110T0000,7.3005285,16.110529,11.703445,61.0,89.0,74125,1.8,9.0,6.1741376,120.83295
20201111T0000,6.3205285,14.600529,10.847611,63.0,91.0,79.166664,1.08,9.931042,5.3257594,120.60869
20201112T0000,6.2005286,15.290529,10.265114,61.0,88.0,79.083336,1.8,21.398056,9.912525,110.31282
20201113T0000,8.760529,16.360529,12.195529,54.0,86.0,70.0,2.0991426,10.787993,7.599617,113.82151
20201114T0000,8.170529,17.80053,11.670945,54.0,80.0,69.666664,5.6233797,12.88981,8.957629,119.74488
20201115T0000,7.9005284,17.910528,13.347196,46.0,83.0,65875,9.422101,29.74306,16.321194,181.10837
20201116T0000,7.8505287,13.580529,10.284697,64.0,85.0,73.958336,6.725354,24.905132,16.079304,259.64038
20201117T0000,6.0005283,12.8005295,9.63803,60.0,80.0,69625,0.35999998,8.825508,5.383885,163.09258
20201118T0000,5.1505284,15.090529,9.258447,52.0,81.0,63.041668,2.2768397,11.304229,7.740919,114.58487
20201119T0000,7.1505284,13.180529,9.803446,50.0,85.0,70.833336,0.71999997,33.46645,16.042227,273.72333
20201120T0000,2.3505285,8.130529,5.5730286,58.0,91.0,75.916664,5.00128,23.411074,10.999383,350.30865
20201121T0000,-0.18947133,7.2305284,3.5992787,51.0,88.0,66375,1.484318,12.144331,5.928592,112.924706
20201122T0000,3.0205286,9.420529,5.873862,35.0,52.0,46.166668,0.0,6.297428,3.4215314,205.20113
20201123T0000,3.2805285,9.140529,5.750112,46.0,69.0,53.666668,0.71999997,5.506941,3.4230719,141.58194
20201124T0000,1.5205287,9.380529,4.429279,58.0,88.0,73.791664,2.7416782,18.58451,11.757187,121.33705
20201125T0000,-0.32947135,11.060529,4.8959455,56.0,96.0,75.958336,6.489992,13.684735,9.405972,114.9167
20201126T0000,0.050528657,11.650529,4.8121953,50.0,83.0,69875,7.5942082,13.708391,10.717677,113.34713
20201127T0000,0.110528655,11.5505295,4.884279,45.0,82.0,64875,9.422101,14.118243,11.528477,119.40718
20201128T0000,0.23052865,7.7305284,3.359279,51.0,77.0,63.0,2.7416782,14.480773,8.367175,116.878136
